{
    "10.10.10.100": {
        "angle": 203.8403,
        "radian": 3.557685,
        "motor_rotor_abs_pos": 5.738622127480183
    },
    "10.10.10.103": {
        "angle": 59.17236,
        "radian": 1.032753,
        "motor_rotor_abs_pos": 5.613219198070532
    },
    "10.10.10.102": {
        "angle": 54.82178,
        "radian": 0.956821,
        "motor_rotor_abs_pos": 1.926296374387394
    },
    "10.10.10.23": {
        "angle": 340.8398,
        "radian": 5.948778,
        "motor_rotor_abs_pos": 2.9030586410735757
    },
    "10.10.10.42": {
        "angle": 311.0229,
        "radian": 5.428374,
        "motor_rotor_abs_pos": 1.4591992244762162
    },
    "10.10.10.22": {
        "angle": 322.0752,
        "radian": 5.621273,
        "motor_rotor_abs_pos": 1.1152040327928612
    },
    "10.10.10.40": {
        "angle": 307.1118,
        "radian": 5.360112,
        "motor_rotor_abs_pos": 0.15339807878856412
    },
    "10.10.10.101": {
        "angle": 16.32568,
        "radian": 0.284937,
        "motor_rotor_abs_pos": 1.2778059963087391
    },
    "10.10.10.25": {
        "angle": 47.63672,
        "radian": 0.831418,
        "motor_rotor_abs_pos": 1.900218700993338
    },
    "10.10.10.43": {
        "angle": 92.63672,
        "radian": 1.616816,
        "motor_rotor_abs_pos": 5.546874528994478
    },
    "10.10.10.20": {
        "angle": 157.4341,
        "radian": 2.747743,
        "motor_rotor_abs_pos": 5.926534773996175
    },
    "10.10.10.104": {
        "angle": 333.0835,
        "radian": 5.813404,
        "motor_rotor_abs_pos": 5.328665761917746
    },
    "10.10.10.21": {
        "angle": 109.1382,
        "radian": 1.904821,
        "motor_rotor_abs_pos": 5.671510468010187
    },
    "10.10.10.24": {
        "angle": 358.0444,
        "radian": 6.249054,
        "motor_rotor_abs_pos": 3.195665476362762
    },
    "10.10.10.41": {
        "angle": 283.2056,
        "radian": 4.94287,
        "motor_rotor_abs_pos": 6.139758103512278
    },
    "10.10.10.46": {
        "angle": 288.1934,
        "radian": 5.029923,
        "motor_rotor_abs_pos": 4.112985987518376
    },
    "10.10.10.44": {
        "angle": 248.7305,
        "radian": 4.341166,
        "motor_rotor_abs_pos": 5.374301690357344
    },
    "10.10.10.45": {
        "angle": 109.9731,
        "radian": 1.919393,
        "motor_rotor_abs_pos": 0.37812626421381057
    },
    "10.10.10.26": {
        "angle": 87.78076,
        "radian": 1.532063,
        "motor_rotor_abs_pos": 0.6668981475332825
    }
}